"","Station","TOC_m_mean","TOC_m_min","TOC_m_max","TOC_m_sd","THg_m_mean","THg_m_min","THg_m_max","THg_m_sd","sUVa_m_mean","sUVa_m_min","sUVa_m_max","sUVa_m_sd","E2_E3_m_mean","E2_E3_m_min","E2_E3_m_max","E2_E3_m_sd"
"1","Inlet",13.6132075471698,7.3,21,3.48872016073831,3.04481934042553,1.331508,4.5,0.721391874052524,4.4825192351592,3.74114851485149,4.98383561643836,0.314847063642156,4.28972987359878,4.07724794594179,4.60714194094559,0.102320990349257
"2","Outlet",11.9583732057416,6.5,15.6,2.07221528489945,3.47975959574468,2.24,4.518225,0.538329203410227,4.43339026267846,3.40087912087912,5.18069158878505,0.300576093145355,4.30609012507735,4.03127070777192,5.12811867835469,0.140235015092417
